term_str,n,p,char_len
you,282,0.03529411764705882,3
the,267,0.03341677096370463,3
I,180,0.02252816020025031,1
me,155,0.01939924906132666,2
to,146,0.018272841051314142,2
it,134,0.016770963704630788,2
a,121,0.015143929912390488,1
be,108,0.013516896120150187,2
and,100,0.012515644555694618,3
that,93,0.011639549436795994,4
gonna,88,0.011013767209011264,5
shake,81,0.010137672090112642,5
I'm,78,0.009762202753441803,3
in,73,0.009136420525657071,2
love,66,0.008260325406758449,4
your,64,0.008010012515644555,4
want,59,0.007384230287859825,4
on,58,0.007259073842302879,2
like,57,0.007133917396745932,4
off,56,0.007008760951188986,3
with,53,0.006633291614518148,4
one,50,0.006257822277847309,3
my,50,0.006257822277847309,2
are,50,0.006257822277847309,3
of,50,0.006257822277847309,2
just,47,0.0058823529411764705,4
well,46,0.005757196495619525,4
all,44,0.005506883604505632,3
at,44,0.005506883604505632,2
can,41,0.005131414267834793,3
'I,40,0.0050062578222778474,2
only,39,0.0048811013767209015,4
get,38,0.004755944931163955,3
bump,37,0.004630788485607009,4
got,36,0.004505632040050063,3
Baby,36,0.004505632040050063,4
turn,35,0.004380475594493116,4
girl,34,0.00425531914893617,4
for,34,0.00425531914893617,3
',34,0.00425531914893617,1
give,31,0.0038798498122653317,4
'Cause,31,0.0038798498122653317,6
And,31,0.0038798498122653317,3
don't,31,0.0038798498122653317,5
ain't,30,0.0037546933667083854,5
'And,29,0.0036295369211514395,4
make,29,0.0036295369211514395,4
she,28,0.003504380475594493,3
take,28,0.003504380475594493,4
wanna,28,0.003504380475594493,5
'You,28,0.003504380475594493,4
is,28,0.003504380475594493,2
us,28,0.003504380475594493,2
let,27,0.003379224030037547,3
look,27,0.003379224030037547,4
some,27,0.003379224030037547,4
good,26,0.003254067584480601,4
see,26,0.003254067584480601,3
You,26,0.003254067584480601,3
know,26,0.003254067584480601,4
Bennie,25,0.0031289111389236545,6
way,23,0.0028785982478097623,3
this,23,0.0028785982478097623,4
Duke,22,0.002753441802252816,4
up,22,0.002753441802252816,2
Like,22,0.002753441802252816,4
du,22,0.002753441802252816,2
My,21,0.0026282853566958696,2
play,21,0.0026282853566958696,4
when,21,0.0026282853566958696,4
come,20,0.0025031289111389237,4
hate,20,0.0025031289111389237,4
so,20,0.0025031289111389237,2
go,20,0.0025031289111389237,2
Let,19,0.0023779724655819774,3
everything,19,0.0023779724655819774,10
what,19,0.0023779724655819774,4
She,19,0.0023779724655819774,3
around,19,0.0023779724655819774,6
who,19,0.0023779724655819774,3
me',18,0.0022528160200250315,3
mama,18,0.0022528160200250315,4
world,18,0.0022528160200250315,5
'Baby,18,0.0022528160200250315,5
need,18,0.0022528160200250315,4
sexy,17,0.002127659574468085,4
'So,17,0.002127659574468085,3
break,17,0.002127659574468085,5
it's,17,0.002127659574468085,4
baby,17,0.002127659574468085,4
her,17,0.002127659574468085,3
i,17,0.002127659574468085,1
do,17,0.002127659574468085,2
them,16,0.002002503128911139,4
Bump,16,0.002002503128911139,4
Show,16,0.002002503128911139,4
it',16,0.002002503128911139,3
love's,16,0.002002503128911139,6
supposed,16,0.002002503128911139,8
you're,15,0.0018773466833541927,6
fake,15,0.0018773466833541927,4
out,15,0.0018773466833541927,3
its,14,0.0017521902377972466,3
mami',14,0.0017521902377972466,5
right,14,0.0017521902377972466,5
'She,14,0.0017521902377972466,4
rise,14,0.0017521902377972466,4
should,14,0.0017521902377972466,6
stop,14,0.0017521902377972466,4
can't,14,0.0017521902377972466,5
said,13,0.0016270337922403004,4
on',13,0.0016270337922403004,3
his,13,0.0016270337922403004,3
but,13,0.0016270337922403004,3
away),12,0.001501877346683354,5
'Girl,12,0.001501877346683354,5
'But,12,0.001501877346683354,4
(So,12,0.001501877346683354,3
back!,12,0.001501877346683354,5
'Shake,12,0.001501877346683354,6
by,12,0.001501877346683354,2
feel,12,0.001501877346683354,4
chola,12,0.001501877346683354,5
vengo,12,0.001501877346683354,5
'Ahora,12,0.001501877346683354,6
man,12,0.001501877346683354,3
butt,12,0.001501877346683354,4
they,12,0.001501877346683354,4
over,12,0.001501877346683354,4
thing,12,0.001501877346683354,5
Oh,12,0.001501877346683354,2
was,11,0.001376720901126408,3
call,11,0.001376720901126408,4
heart,11,0.001376720901126408,5
'em,11,0.001376720901126408,3
he,11,0.001376720901126408,2
ladies,11,0.001376720901126408,6
Girl,11,0.001376720901126408,4
down,11,0.001376720901126408,4
you),10,0.0012515644555694619,4
But,10,0.0012515644555694619,3
(Look,10,0.0012515644555694619,5
that),10,0.0012515644555694619,5
Well,10,0.0012515644555694619,4
round,10,0.0012515644555694619,5
well),10,0.0012515644555694619,5
world',10,0.0012515644555694619,6
that',10,0.0012515644555694619,5
say,10,0.0012515644555694619,3
high,10,0.0012515644555694619,4
Make,10,0.0012515644555694619,4
knows,10,0.0012515644555694619,5
we,10,0.0012515644555694619,2
In,10,0.0012515644555694619,2
Yeah,10,0.0012515644555694619,4
Earl',9,0.0011264080100125157,5
been,9,0.0011264080100125157,4
gotta,9,0.0011264080100125157,5
that's,9,0.0011264080100125157,6
early,9,0.0011264080100125157,5
another,9,0.0011264080100125157,7
hit,9,0.0011264080100125157,3
I'd,9,0.0011264080100125157,3
will,9,0.0011264080100125157,4
(Are,9,0.0011264080100125157,4
there,9,0.0011264080100125157,5
woman,8,0.0010012515644555694,5
have,8,0.0010012515644555694,4
club,8,0.0010012515644555694,4
Lets,8,0.0010012515644555694,4
'Bump,8,0.0010012515644555694,5
Carlos,8,0.0010012515644555694,6
That's,8,0.0010012515644555694,6
need',8,0.0010012515644555694,5
'Yo,8,0.0010012515644555694,3
selection,8,0.0010012515644555694,9
body,8,0.0010012515644555694,4
'Duke,8,0.0010012515644555694,5
him,8,0.0010012515644555694,3
ride,8,0.0010012515644555694,4
an,8,0.0010012515644555694,2
party,8,0.0010012515644555694,5
Want,8,0.0010012515644555694,4
you'll,8,0.0010012515644555694,6
Jets,8,0.0010012515644555694,4
ever,8,0.0010012515644555694,4
understands,8,0.0010012515644555694,11
Them,8,0.0010012515644555694,4
yeah,8,0.0010012515644555694,4
'Let,7,0.0008760951188986233,4
mmm-mmm,7,0.0008760951188986233,7
Only,7,0.0008760951188986233,4
definitely,7,0.0008760951188986233,10
So,7,0.0008760951188986233,2
'That,7,0.0008760951188986233,5
She's,7,0.0008760951188986233,5
To,7,0.0008760951188986233,2
set,7,0.0008760951188986233,3
if,7,0.0008760951188986233,2
as,7,0.0008760951188986233,2
through,7,0.0008760951188986233,7
face,7,0.0008760951188986233,4
Ain't,7,0.0008760951188986233,5
tell,7,0.0008760951188986233,4
they're,7,0.0008760951188986233,7
(uh,7,0.0008760951188986233,3
you',7,0.0008760951188986233,4
bling,6,0.000750938673341677,5
chola',6,0.000750938673341677,6
spot,6,0.000750938673341677,4
getting,6,0.000750938673341677,7
bump',6,0.000750938673341677,5
pull,6,0.000750938673341677,4
Jets',6,0.000750938673341677,5
well)',6,0.000750938673341677,6
'Make,6,0.000750938673341677,5
booty),6,0.000750938673341677,6
be?,6,0.000750938673341677,3
yeah',6,0.000750938673341677,5
wit,6,0.000750938673341677,3
(Yeah!),6,0.000750938673341677,7
(LA,6,0.000750938673341677,3
Oakland,6,0.000750938673341677,7
coming,6,0.000750938673341677,6
'We,6,0.000750938673341677,3
home,6,0.000750938673341677,4
(back,6,0.000750938673341677,5
You're,6,0.000750938673341677,6
looks,6,0.000750938673341677,5
'My,6,0.000750938673341677,3
talk,6,0.000750938673341677,4
lets,6,0.000750938673341677,4
no,6,0.000750938673341677,2
dance,6,0.000750938673341677,5
til,6,0.000750938673341677,3
about,6,0.000750938673341677,5
living,6,0.000750938673341677,6
life,6,0.000750938673341677,4
Santana,6,0.000750938673341677,7
bout,6,0.000750938673341677,4
movie,6,0.000750938673341677,5
fell,6,0.000750938673341677,4
East,6,0.000750938673341677,4
'Lets,6,0.000750938673341677,5
next,6,0.000750938673341677,4
from,6,0.000750938673341677,4
thing',6,0.000750938673341677,6
car,5,0.0006257822277847309,3
talkin',5,0.0006257822277847309,7
seen,5,0.0006257822277847309,4
star,5,0.0006257822277847309,4
cah,5,0.0006257822277847309,3
'Oh,5,0.0006257822277847309,3
Luther,5,0.0006257822277847309,6
Marvin,5,0.0006257822277847309,6
hands,5,0.0006257822277847309,5
Yo,5,0.0006257822277847309,2
B-B-B-Bennie,5,0.0006257822277847309,12
Shake,5,0.0006257822277847309,5
vex,5,0.0006257822277847309,3
too,5,0.0006257822277847309,3
Ooh,5,0.0006257822277847309,3
yes,5,0.0006257822277847309,3
goin',5,0.0006257822277847309,5
nobody,5,0.0006257822277847309,6
show,5,0.0006257822277847309,4
'Put,5,0.0006257822277847309,4
boy,5,0.0006257822277847309,3
morning,5,0.0006257822277847309,7
much,5,0.0006257822277847309,4
lose,5,0.0006257822277847309,4
go',5,0.0006257822277847309,3
told,5,0.0006257822277847309,4
keep,5,0.0006257822277847309,4
here,5,0.0006257822277847309,4
find,5,0.0006257822277847309,4
Miss,5,0.0006257822277847309,4
more,5,0.0006257822277847309,4
Earl,5,0.0006257822277847309,4
back,5,0.0006257822277847309,4
'Come,5,0.0006257822277847309,5
(Love),5,0.0006257822277847309,6
He,5,0.0006257822277847309,2
That,4,0.0005006257822277847,4
The,4,0.0005006257822277847,3
little,4,0.0005006257822277847,6
'Its,4,0.0005006257822277847,4
quick,4,0.0005006257822277847,5
baby',4,0.0005006257822277847,5
'(Look,4,0.0005006257822277847,6
that)',4,0.0005006257822277847,6
Yeah....Mmmmm....Yeah,4,0.0005006257822277847,21
Mmmmm....,4,0.0005006257822277847,9
Are,4,0.0005006257822277847,3
.....,4,0.0005006257822277847,5
kick,4,0.0005006257822277847,4
news,4,0.0005006257822277847,4
girls,4,0.0005006257822277847,5
how,4,0.0005006257822277847,3
haters,4,0.0005006257822277847,6
New,4,0.0005006257822277847,3
teasin,4,0.0005006257822277847,6
put,4,0.0005006257822277847,3
gon',4,0.0005006257822277847,4
we're,4,0.0005006257822277847,5
really,4,0.0005006257822277847,6
still,4,0.0005006257822277847,5
While,4,0.0005006257822277847,5
new,4,0.0005006257822277847,3
'All,4,0.0005006257822277847,4
would,4,0.0005006257822277847,5
'Like,4,0.0005006257822277847,5
Its,4,0.0005006257822277847,3
'The,4,0.0005006257822277847,4
'Can,4,0.0005006257822277847,4
spend,4,0.0005006257822277847,5
flex,4,0.0005006257822277847,4
(uh)',4,0.0005006257822277847,5
World,4,0.0005006257822277847,5
bad,4,0.0005006257822277847,3
Ready,4,0.0005006257822277847,5
Gaye,4,0.0005006257822277847,4
Vandross,4,0.0005006257822277847,8
friend,4,0.0005006257822277847,6
Don't,4,0.0005006257822277847,5
duda,4,0.0005006257822277847,4
par,4,0.0005006257822277847,3
war,4,0.0005006257822277847,3
'See,4,0.0005006257822277847,4
deserve,4,0.0005006257822277847,7
people,4,0.0005006257822277847,6
nah,4,0.0005006257822277847,3
type,4,0.0005006257822277847,4
'Only,4,0.0005006257822277847,5
our,4,0.0005006257822277847,3
Streak,4,0.0005006257822277847,6
stay,4,0.0005006257822277847,4
big.',4,0.0005006257822277847,5
thick,4,0.0005006257822277847,5
it!)',4,0.0005006257822277847,5
oh,4,0.0005006257822277847,2
'(Shake,4,0.0005006257822277847,7
brothers,4,0.0005006257822277847,8
butts,4,0.0005006257822277847,5
Fonda,4,0.0005006257822277847,5
big,4,0.0005006257822277847,3
ugh,4,0.0005006257822277847,3
Honda,4,0.0005006257822277847,5
you've,4,0.0005006257822277847,6
'If,4,0.0005006257822277847,3
girlfriend,4,0.0005006257822277847,10
scoff,4,0.0005006257822277847,5
'Then,4,0.0005006257822277847,5
those,4,0.0005006257822277847,5
rap,4,0.0005006257822277847,3
'Take,4,0.0005006257822277847,5
believe,4,0.0005006257822277847,7
Cosmo,4,0.0005006257822277847,5
juicy,4,0.0005006257822277847,5
comes,4,0.0005006257822277847,5
I'll,4,0.0005006257822277847,4
I've,4,0.0005006257822277847,4
hey,4,0.0005006257822277847,3
average,4,0.0005006257822277847,7
'Some,4,0.0005006257822277847,5
won't,4,0.0005006257822277847,5
tried,4,0.0005006257822277847,5
or,4,0.0005006257822277847,2
'Well,4,0.0005006257822277847,5
side,4,0.0005006257822277847,4
use,4,0.0005006257822277847,3
music,3,0.0003754693366708385,5
Kana,3,0.0003754693366708385,4
makes,3,0.0003754693366708385,5
'Hey,3,0.0003754693366708385,4
Take,3,0.0003754693366708385,4
fine,3,0.0003754693366708385,4
yo,3,0.0003754693366708385,2
last,3,0.0003754693366708385,4
electric,3,0.0003754693366708385,8
even,3,0.0003754693366708385,4
better,3,0.0003754693366708385,6
See,3,0.0003754693366708385,3
'B-B-B-Bennie,3,0.0003754693366708385,13
mean,3,0.0003754693366708385,4
there's,3,0.0003754693366708385,7
'Bennie,3,0.0003754693366708385,7
ways,3,0.0003754693366708385,4
because,3,0.0003754693366708385,7
Santana',3,0.0003754693366708385,8
'Played,3,0.0003754693366708385,7
off',3,0.0003754693366708385,4
command,3,0.0003754693366708385,7
night,3,0.0003754693366708385,5
love',3,0.0003754693366708385,5
Played,3,0.0003754693366708385,6
L.A,3,0.0003754693366708385,3
Harlem,3,0.0003754693366708385,6
something,3,0.0003754693366708385,9
diamonds,3,0.0003754693366708385,8
Spanish,3,0.0003754693366708385,7
Growing,3,0.0003754693366708385,7
story,3,0.0003754693366708385,5
Side,3,0.0003754693366708385,4
West,3,0.0003754693366708385,4
remind,3,0.0003754693366708385,6
wet,3,0.0003754693366708385,3
'When,3,0.0003754693366708385,5
dont,3,0.0003754693366708385,4
If,3,0.0003754693366708385,2
deny,3,0.0003754693366708385,4
L.A',3,0.0003754693366708385,4
try,3,0.0003754693366708385,3
'From,3,0.0003754693366708385,5
time',3,0.0003754693366708385,5
cool,3,0.0003754693366708385,4
real,3,0.0003754693366708385,4
name,3,0.0003754693366708385,4
With,3,0.0003754693366708385,4
sweat,3,0.0003754693366708385,5
together,3,0.0003754693366708385,8
'cause,3,0.0003754693366708385,6
Me,3,0.0003754693366708385,2
back',3,0.0003754693366708385,5
did.',3,0.0003754693366708385,5
Now,3,0.0003754693366708385,3
touch,3,0.0003754693366708385,5
Riperton,3,0.0003754693366708385,8
middle,3,0.0003754693366708385,6
'It,3,0.0003754693366708385,3
already,3,0.0003754693366708385,7
home',3,0.0003754693366708385,5
Ethel,3,0.0003754693366708385,5
I's,3,0.0003754693366708385,3
slow,3,0.0003754693366708385,4
'They,3,0.0003754693366708385,5
'Yeah,3,0.0003754693366708385,5
nothin',3,0.0003754693366708385,7
'Man,3,0.0003754693366708385,4
move,3,0.0003754693366708385,4
miss,3,0.0003754693366708385,4
didn't,3,0.0003754693366708385,6
beans,3,0.0003754693366708385,5
Anita,3,0.0003754693366708385,5
Edition,3,0.0003754693366708385,7
enough,3,0.0003754693366708385,6
Tell,3,0.0003754693366708385,4
Minnie,3,0.0003754693366708385,6
'Do,3,0.0003754693366708385,3
'(Are,3,0.0003754693366708385,5
fakers,3,0.0003754693366708385,6
Heart-breakers,3,0.0003754693366708385,14
ooh,3,0.0003754693366708385,3
be?',3,0.0003754693366708385,4
star',3,0.0003754693366708385,5
He's,3,0.0003754693366708385,4
players,3,0.0003754693366708385,7
's,3,0.0003754693366708385,2
myself,3,0.0003754693366708385,6
'What,3,0.0003754693366708385,5
It's,3,0.0003754693366708385,4
'As,3,0.0003754693366708385,3
Donna',2,0.00025031289111389235,6
(let,2,0.00025031289111389235,4
anything,2,0.00025031289111389235,8
Donna,2,0.00025031289111389235,5
'Money,2,0.00025031289111389235,6
ignite,2,0.00025031289111389235,6
hunni',2,0.00025031289111389235,6
jah,2,0.00025031289111389235,3
groupie,2,0.00025031289111389235,7
born,2,0.00025031289111389235,4
'lets,2,0.00025031289111389235,5
gig,2,0.00025031289111389235,3
'Miss,2,0.00025031289111389235,5
dancin',2,0.00025031289111389235,7
hell,2,0.00025031289111389235,4
day,2,0.00025031289111389235,3
romancin',2,0.00025031289111389235,9
throwin',2,0.00025031289111389235,8
aint,2,0.00025031289111389235,4
morn',2,0.00025031289111389235,5
can',2,0.00025031289111389235,4
butt!',2,0.00025031289111389235,6
mind,2,0.00025031289111389235,4
free,2,0.00025031289111389235,4
Annabella,2,0.00025031289111389235,9
'Just,2,0.00025031289111389235,5
Got,2,0.00025031289111389235,3
ya)',2,0.00025031289111389235,4
flat,2,0.00025031289111389235,4
Coast)',2,0.00025031289111389235,7
'(Hell,2,0.00025031289111389235,6
butt?',2,0.00025031289111389235,6
tired,2,0.00025031289111389235,5
magazines,2,0.00025031289111389235,9
Sayin',2,0.00025031289111389235,6
refugee,2,0.00025031289111389235,7
'Has,2,0.00025031289111389235,4
yeah!)',2,0.00025031289111389235,7
'Fellas!',2,0.00025031289111389235,9
black,2,0.00025031289111389235,5
Just,2,0.00025031289111389235,4
better',2,0.00025031289111389235,7
'Thinking,2,0.00025031289111389235,9
pack,2,0.00025031289111389235,4
fellas!',2,0.00025031289111389235,8
sound,2,0.00025031289111389235,5
guitar,2,0.00025031289111389235,6
(b2k)',2,0.00025031289111389235,6
turbo,2,0.00025031289111389235,5
(bad,2,0.00025031289111389235,4
boy)',2,0.00025031289111389235,5
chris',2,0.00025031289111389235,6
healthy,2,0.00025031289111389235,7
one',2,0.00025031289111389235,4
it!',2,0.00025031289111389235,4
pandamonium,2,0.00025031289111389235,11
Side)',2,0.00025031289111389235,6
'There,2,0.00025031289111389235,6
looked,2,0.00025031289111389235,6
throwin,2,0.00025031289111389235,7
water,2,0.00025031289111389235,5
it!,2,0.00025031289111389235,3
Du,2,0.00025031289111389235,2
C'mon,2,0.00025031289111389235,5
'Vette,2,0.00025031289111389235,6
ask,2,0.00025031289111389235,3
role',2,0.00025031289111389235,5
Get,2,0.00025031289111389235,3
suit,2,0.00025031289111389235,4
god.',2,0.00025031289111389235,5
'Becky,2,0.00025031289111389235,6
butt.',2,0.00025031289111389235,6
action,2,0.00025031289111389235,6
ready,2,0.00025031289111389235,5
'Got,2,0.00025031289111389235,4
Jackson',2,0.00025031289111389235,8
Michael,2,0.00025031289111389235,7
skinned,2,0.00025031289111389235,7
light,2,0.00025031289111389235,5
always,2,0.00025031289111389235,6
fast,2,0.00025031289111389235,4
Kanye,2,0.00025031289111389235,5
guys',2,0.00025031289111389235,5
girlfriends.,2,0.00025031289111389235,12
dirty,2,0.00025031289111389235,5
think,2,0.00025031289111389235,5
guys?',2,0.00025031289111389235,6
They,2,0.00025031289111389235,4
total,2,0.00025031289111389235,5
prostitute,2,0.00025031289111389235,10
'kay?,2,0.00025031289111389235,5
spaced,2,0.00025031289111389235,6
wrong,2,0.00025031289111389235,5
who's,2,0.00025031289111389235,5
now,2,0.00025031289111389235,3
'Smokey,2,0.00025031289111389235,7
Robinson,2,0.00025031289111389235,8
yea,2,0.00025031289111389235,3
walk,2,0.00025031289111389235,4
She'd,2,0.00025031289111389235,5
streakin',2,0.00025031289111389235,9
critique,2,0.00025031289111389235,8
public,2,0.00025031289111389235,6
Invitin',2,0.00025031289111389235,8
anatomy',2,0.00025031289111389235,8
'Of,2,0.00025031289111389235,3
'Here,2,0.00025031289111389235,5
Ethel!,2,0.00025031289111389235,6
girl',2,0.00025031289111389235,5
Come,2,0.00025031289111389235,4
(Well,2,0.00025031289111389235,5
every,2,0.00025031289111389235,5
listening,2,0.00025031289111389235,9
(well,2,0.00025031289111389235,5
smoke,2,0.00025031289111389235,5
R&B',2,0.00025031289111389235,4
smoking,2,0.00025031289111389235,7
faster,2,0.00025031289111389235,6
Green,2,0.00025031289111389235,5
'Al,2,0.00025031289111389235,3
Duchess,2,0.00025031289111389235,7
We'll,2,0.00025031289111389235,5
streets',2,0.00025031289111389235,8
mohair,2,0.00025031289111389235,6
Benz?',2,0.00025031289111389235,6
boots,2,0.00025031289111389235,5
again,2,0.00025031289111389235,5
friends,2,0.00025031289111389235,7
fly,2,0.00025031289111389235,3
tough',2,0.00025031289111389235,6
notice,2,0.00025031289111389235,6
stuffed,2,0.00025031289111389235,7
time,2,0.00025031289111389235,4
represents,2,0.00025031289111389235,10
Deep,2,0.00025031289111389235,4
gold,2,0.00025031289111389235,4
never,2,0.00025031289111389235,5
waiting,2,0.00025031289111389235,7
change,2,0.00025031289111389235,6
jeans,2,0.00025031289111389235,5
'Now,2,0.00025031289111389235,4
she's,2,0.00025031289111389235,5
wearing,2,0.00025031289111389235,7
hooked,2,0.00025031289111389235,6
wrote,2,0.00025031289111389235,5
staring,2,0.00025031289111389235,7
picture',2,0.00025031289111389235,8
homeboys,2,0.00025031289111389235,8
warn,2,0.00025031289111389235,4
horny',2,0.00025031289111389235,6
Rump-o'-smooth-skin,2,0.00025031289111389235,19
sprung,2,0.00025031289111389235,6
face',2,0.00025031289111389235,5
forget,2,0.00025031289111389235,6
'Be,2,0.00025031289111389235,3
kids,2,0.00025031289111389235,4
gross.,2,0.00025031289111389235,6
'Look!',2,0.00025031289111389235,7
night',2,0.00025031289111389235,6
so...,2,0.00025031289111389235,5
'How,2,0.00025031289111389235,4
black!,2,0.00025031289111389235,6
not,2,0.00025031289111389235,3
lie',2,0.00025031289111389235,4
tonight,2,0.00025031289111389235,7
other,2,0.00025031289111389235,5
La-la-la-la,2,0.00025031289111389235,11
swear,2,0.00025031289111389235,5
walks,2,0.00025031289111389235,5
itty,2,0.00025031289111389235,4
nothing,2,0.00025031289111389235,7
could,2,0.00025031289111389235,5
laying,2,0.00025031289111389235,6
bitty,2,0.00025031289111389235,5
holding,2,0.00025031289111389235,7
waist',2,0.00025031289111389235,6
What,2,0.00025031289111389235,4
bring,2,0.00025031289111389235,5
will',2,0.00025031289111389235,5
help,2,0.00025031289111389235,4
ring,2,0.00025031289111389235,4
du',2,0.00025031289111389235,3
protection,2,0.00025031289111389235,10
long,2,0.00025031289111389235,4
rather,2,0.00025031289111389235,6
Mmmm,2,0.00025031289111389235,4
(baby,2,0.00025031289111389235,5
Never,2,0.00025031289111389235,5
worry,2,0.00025031289111389235,5
(what,2,0.00025031289111389235,5
do),2,0.00025031289111389235,3
quit,2,0.00025031289111389235,4
punks,2,0.00025031289111389235,5
(deserves,2,0.00025031289111389235,9
thangs),2,0.00025031289111389235,7
Fistful,2,0.00025031289111389235,7
(hand,2,0.00025031289111389235,5
full,2,0.00025031289111389235,4
rings),2,0.00025031289111389235,6
song,2,0.00025031289111389235,4
(I,2,0.00025031289111389235,2
simps,2,0.00025031289111389235,5
selection(selection)',2,0.00025031289111389235,21
strong,2,0.00025031289111389235,6
protection(protection)',2,0.00025031289111389235,23
'(Yeah)',2,0.00025031289111389235,8
'Everywhere,2,0.00025031289111389235,11
(Yeah!)',2,0.00025031289111389235,8
actin',2,0.00025031289111389235,6
stare',2,0.00025031289111389235,6
Cause,2,0.00025031289111389235,5
Mercedes,2,0.00025031289111389235,8
shows,2,0.00025031289111389235,5
roll,2,0.00025031289111389235,4
'Ladies!',2,0.00025031289111389235,9
'Good,2,0.00025031289111389235,5
me....',2,0.00025031289111389235,7
ladies!',2,0.00025031289111389235,8
(you,2,0.00025031289111389235,4
better)',2,0.00025031289111389235,8
friction,2,0.00025031289111389235,8
(baby)',2,0.00025031289111389235,7
whatever,2,0.00025031289111389235,8
hey!,2,0.00025031289111389235,4
are),2,0.00025031289111389235,4
lot,2,0.00025031289111389235,3
(oh)',2,0.00025031289111389235,5
A,2,0.00025031289111389235,1
'A,2,0.00025031289111389235,2
Jo,2,0.00025031289111389235,2
Flo,2,0.00025031289111389235,3
women,2,0.00025031289111389235,5
'(come,2,0.00025031289111389235,6
minute,2,0.00025031289111389235,6
something)',2,0.00025031289111389235,11
magazines',2,0.00025031289111389235,10
Wit,2,0.00025031289111389235,3
crown,2,0.00025031289111389235,5
head,2,0.00025031289111389235,4
cause,2,0.00025031289111389235,5
you's,2,0.00025031289111389235,5
ghetto,2,0.00025031289111389235,6
queen,2,0.00025031289111389235,5
bimbos',2,0.00025031289111389235,7
hoes,2,0.00025031289111389235,4
girl)',2,0.00025031289111389235,6
walkin',2,0.00025031289111389235,7
wil',2,0.00025031289111389235,4
word,2,0.00025031289111389235,4
style',2,0.00025031289111389235,6
cuss,2,0.00025031289111389235,4
sending,2,0.00025031289111389235,7
dawn',2,0.00025031289111389235,5
'Till,2,0.00025031289111389235,5
moan,2,0.00025031289111389235,4
mamas,2,0.00025031289111389235,5
straight,2,0.00025031289111389235,8
ya,2,0.00025031289111389235,2
now',2,0.00025031289111389235,4
proceed,2,0.00025031289111389235,7
lil,2,0.00025031289111389235,3
ya',2,0.00025031289111389235,3
sisters,2,0.00025031289111389235,7
'Bad,2,0.00025031289111389235,4
soul,2,0.00025031289111389235,4
b2k,2,0.00025031289111389235,3
o,2,0.00025031289111389235,1
em,2,0.00025031289111389235,2
player',2,0.00025031289111389235,7
worth,2,0.00025031289111389235,5
around!',2,0.00025031289111389235,8
shame,2,0.00025031289111389235,5
ninety-nine,2,0.00025031289111389235,11
sister,2,0.00025031289111389235,6
resist,2,0.00025031289111389235,6
Red,2,0.00025031289111389235,3
rice,2,0.00025031289111389235,4
knucklehead,2,0.00025031289111389235,11
diss',2,0.00025031289111389235,5
hun,2,0.00025031289111389235,3
buns,2,0.00025031289111389235,4
list,2,0.00025031289111389235,4
had,2,0.00025031289111389235,3
game,2,0.00025031289111389235,4
Unless,2,0.00025031289111389235,6
none,2,0.00025031289111389235,4
chose,2,0.00025031289111389235,5
anaconda,2,0.00025031289111389235,8
motor,2,0.00025031289111389235,5
triple,2,0.00025031289111389235,6
X,2,0.00025031289111389235,1
throw,2,0.00025031289111389235,5
Give,2,0.00025031289111389235,4
Thing!,2,0.00025031289111389235,6
magazines:',2,0.00025031289111389235,11
bends,2,0.00025031289111389235,5
hard,2,0.00025031289111389235,4
toss,2,0.00025031289111389235,4
leave,2,0.00025031289111389235,5
please,2,0.00025031289111389235,6
retrieve,2,0.00025031289111389235,8
says,2,0.00025031289111389235,4
sit-ups,2,0.00025031289111389235,7
fat,2,0.00025031289111389235,3
that!,2,0.00025031289111389235,5
dames,2,0.00025031289111389235,5
waist,2,0.00025031289111389235,5
small,2,0.00025031289111389235,5
curves,2,0.00025031289111389235,6
kickin',2,0.00025031289111389235,7
thinkin',2,0.00025031289111389235,8
stickin',2,0.00025031289111389235,8
'To,2,0.00025031289111389235,3
beanpole,2,0.00025031289111389235,8
'Dial,2,0.00025031289111389235,5
1-900-MIXALOT',2,0.00025031289111389235,14
nasty,2,0.00025031289111389235,5
'Listen',2,0.00025031289111389235,8
'36-24-36?',2,0.00025031289111389235,11
selection.,2,0.00025031289111389235,10
females,2,0.00025031289111389235,7
baby...,2,0.00025031289111389235,7
shout',2,0.00025031289111389235,6
boys,2,0.00025031289111389235,4
white,2,0.00025031289111389235,5
'Even,2,0.00025031289111389235,5
Your,2,0.00025031289111389235,4
'Ha,2,0.00025031289111389235,3
true,2,0.00025031289111389235,4
beauty's,2,0.00025031289111389235,8
description,2,0.00025031289111389235,11
out!',2,0.00025031289111389235,5
hurts,2,0.00025031289111389235,5
'Stick,2,0.00025031289111389235,6
dime,2,0.00025031289111389235,4
plus,2,0.00025031289111389235,4
lies,2,0.00025031289111389235,4
ha,2,0.00025031289111389235,2
thoughts',2,0.00025031289111389235,9
'3,2,0.00025031289111389235,2
'(Little,2,0.00025031289111389235,8
back)',2,0.00025031289111389235,6
tapes,2,0.00025031289111389235,5
workout,2,0.00025031289111389235,7
playin',2,0.00025031289111389235,7
rolls,2,0.00025031289111389235,5
.',2,0.00025031289111389235,2
'Mmmm,2,0.00025031289111389235,5
5,2,0.00025031289111389235,1
stories,2,0.00025031289111389235,7
Yeah',2,0.00025031289111389235,5
enjoy,2,0.00025031289111389235,5
being,2,0.00025031289111389235,5
hurt?',2,0.00025031289111389235,6
smelled,2,0.00025031289111389235,7
perfume,2,0.00025031289111389235,7
make-up,2,0.00025031289111389235,7
shirt',2,0.00025031289111389235,6
shakin,2,0.00025031289111389235,6
Maria,2,0.00025031289111389235,5
made,2,0.00025031289111389235,4
pool,2,0.00025031289111389235,4
makin,2,0.00025031289111389235,5
else',2,0.00025031289111389235,5
Playboy,2,0.00025031289111389235,7
scandal,2,0.00025031289111389235,7
scream,2,0.00025031289111389235,6
'(yeah,2,0.00025031289111389235,6
'Mami,2,0.00025031289111389235,5
here's,2,0.00025031289111389235,6
'Love,2,0.00025031289111389235,5
shiny,2,0.00025031289111389235,5
lookin',2,0.00025031289111389235,7
music',2,0.00025031289111389235,6
stand,2,0.00025031289111389235,5
stick',2,0.00025031289111389235,6
(oh,2,0.00025031289111389235,3
myself',2,0.00025031289111389235,7
'Hands,2,0.00025031289111389235,6
cop,2,0.00025031289111389235,3
trips,2,0.00025031289111389235,5
squeeze',2,0.00025031289111389235,8
smoothest,2,0.00025031289111389235,9
ya'll),2,0.00025031289111389235,6
main,2,0.00025031289111389235,4
simple,2,0.00025031289111389235,6
toys,2,0.00025031289111389235,4
rock,2,0.00025031289111389235,4
(yeah,2,0.00025031289111389235,5
videos,2,0.00025031289111389235,6
down',2,0.00025031289111389235,5
round',2,0.00025031289111389235,6
bubble,2,0.00025031289111389235,6
things,2,0.00025031289111389235,6
diddy)',2,0.00025031289111389235,7
pleasin,2,0.00025031289111389235,7
ugh',2,0.00025031289111389235,4
'Uh,2,0.00025031289111389235,3
(stop,2,0.00025031289111389235,5
you)',2,0.00025031289111389235,5
floor,2,0.00025031289111389235,5
double',2,0.00025031289111389235,7
takin,2,0.00025031289111389235,5
why,2,0.00025031289111389235,3
Mix-a-Lot's,2,0.00025031289111389235,11
trouble,2,0.00025031289111389235,7
double-up,2,0.00025031289111389235,9
nothin,2,0.00025031289111389235,6
'Plans,2,0.00025031289111389235,6
'Get,2,0.00025031289111389235,4
Beggin',2,0.00025031289111389235,7
floor',2,0.00025031289111389235,6
more',2,0.00025031289111389235,5
piece,2,0.00025031289111389235,5
ride',2,0.00025031289111389235,5
out',2,0.00025031289111389235,4
check,2,0.00025031289111389235,5
'Im,2,0.00025031289111389235,3
do',2,0.00025031289111389235,3
clyde',2,0.00025031289111389235,6
bonnie',2,0.00025031289111389235,7
animal,2,0.00025031289111389235,6
things',2,0.00025031289111389235,7
'Shaped,2,0.00025031289111389235,7
'Body',2,0.00025031289111389235,6
(oohh)',2,0.00025031289111389235,7
on),2,0.00025031289111389235,3
bimbos,2,0.00025031289111389235,6
Knock-kneed,2,0.00025031289111389235,11
pump,2,0.00025031289111389235,4
'Du,2,0.00025031289111389235,3
hour,2,0.00025031289111389235,4
(ow)',2,0.00025031289111389235,5
silicone,2,0.00025031289111389235,8
s,2,0.00025031289111389235,1
doors,2,0.00025031289111389235,5
close,2,0.00025031289111389235,5
behind,2,0.00025031289111389235,6
anytime',2,0.00025031289111389235,8
parts,2,0.00025031289111389235,5
mine',2,0.00025031289111389235,5
2way,2,0.00025031289111389235,4
gimme,2,0.00025031289111389235,5
glass,2,0.00025031289111389235,5
'Check,1,0.00012515644555694618,6
please?',1,0.00012515644555694618,8
said',1,0.00012515644555694618,5
faster!',1,0.00012515644555694618,8
be?)',1,0.00012515644555694618,5
eviction,1,0.00012515644555694618,8
baby;,1,0.00012515644555694618,5
fast...,1,0.00012515644555694618,7
Damn,1,0.00012515644555694618,4
World',1,0.00012515644555694618,6
'Oooh!',1,0.00012515644555694618,7
Product,1,0.00012515644555694618,7
beautiful,1,0.00012515644555694618,9
get-away,1,0.00012515644555694618,8
Brothers?',1,0.00012515644555694618,10
Isley,1,0.00012515644555694618,5
'Whatcha,1,0.00012515644555694618,8
somebody,1,0.00012515644555694618,8
(Say,1,0.00012515644555694618,4
be),1,0.00012515644555694618,3
yeah!',1,0.00012515644555694618,6
me?',1,0.00012515644555694618,4
wrist',1,0.00012515644555694618,6
Twista!,1,0.00012515644555694618,7
feel...,1,0.00012515644555694618,7
work,1,0.00012515644555694618,4
Twista,1,0.00012515644555694618,6
Champagne',1,0.00012515644555694618,10
Evelyn,1,0.00012515644555694618,6
sip,1,0.00012515644555694618,3
systems,1,0.00012515644555694618,7
G?,1,0.00012515644555694618,2
preferably,1,0.00012515644555694618,10
B',1,0.00012515644555694618,2
'While,1,0.00012515644555694618,6
'Play,1,0.00012515644555694618,5
Hennessy',1,0.00012515644555694618,9
'Sipping,1,0.00012515644555694618,8
be',1,0.00012515644555694618,3
Chi,1,0.00012515644555694618,3
Twist,1,0.00012515644555694618,5
Kan-man,1,0.00012515644555694618,7
messing,1,0.00012515644555694618,7
Luther',1,0.00012515644555694618,7
rhythm,1,0.00012515644555694618,6
rocking,1,0.00012515644555694618,7
cannabis,1,0.00012515644555694618,8
G&B,1,0.00012515644555694618,3
ohh,1,0.00012515644555694618,3
glist,1,0.00012515644555694618,5
feelin',1,0.00012515644555694618,7
looking,1,0.00012515644555694618,7
oooh,1,0.00012515644555694618,4
Say,1,0.00012515644555694618,3
'Are,1,0.00012515644555694618,4
Knight,1,0.00012515644555694618,6
Shyne,1,0.00012515644555694618,5
Edition',1,0.00012515644555694618,8
Nothing,1,0.00012515644555694618,7
homes',1,0.00012515644555694618,6
'Why,1,0.00012515644555694618,4
lying,1,0.00012515644555694618,5
though',1,0.00012515644555694618,7
'Telling,1,0.00012515644555694618,8
rhinestones',1,0.00012515644555694618,12
Vandross',1,0.00012515644555694618,9
richer',1,0.00012515644555694618,7
rich,1,0.00012515644555694618,4
'Stop,1,0.00012515644555694618,5
Gladys,1,0.00012515644555694618,6
oh!',1,0.00012515644555694618,4
pants,1,0.00012515644555694618,5
looting,1,0.00012515644555694618,7
prove,1,0.00012515644555694618,5
'bout,1,0.00012515644555694618,5
freak,1,0.00012515644555694618,5
corner',1,0.00012515644555694618,7
pocking,1,0.00012515644555694618,7
dog,1,0.00012515644555694618,3
dark,1,0.00012515644555694618,4
shooting',1,0.00012515644555694618,9
'Pick,1,0.00012515644555694618,5
played,1,0.00012515644555694618,6
'Ready,1,0.00012515644555694618,6
'Hit,1,0.00012515644555694618,4
Smokey,1,0.00012515644555694618,6
Biggie,1,0.00012515644555694618,6
Robinson',1,0.00012515644555694618,9
mailbox,1,0.00012515644555694618,7
blues,1,0.00012515644555694618,5
camp,1,0.00012515644555694618,4
-,1,0.00012515644555694618,1
'Yes,1,0.00012515644555694618,4
will!',1,0.00012515644555694618,6
her?',1,0.00012515644555694618,5
drive,1,0.00012515644555694618,5
right',1,0.00012515644555694618,6
dukedom,1,0.00012515644555694618,7
Yes-a,1,0.00012515644555694618,5
whip',1,0.00012515644555694618,5
'Set,1,0.00012515644555694618,4
'Bring,1,0.00012515644555694618,6
be)',1,0.00012515644555694618,4
with',1,0.00012515644555694618,5
whip,1,0.00012515644555694618,4
Simpson,1,0.00012515644555694618,7
&,1,0.00012515644555694618,1
Ashford,1,0.00012515644555694618,7
strip',1,0.00012515644555694618,6
chick',1,0.00012515644555694618,6
grind,1,0.00012515644555694618,5
grabbing,1,0.00012515644555694618,8
Jackson,1,0.00012515644555694618,7
'Freddie,1,0.00012515644555694618,8
calling,1,0.00012515644555694618,7
Whispers,1,0.00012515644555694618,8
jamming,1,0.00012515644555694618,7
Isleys',1,0.00012515644555694618,7
makin',1,0.00012515644555694618,6
tennis,1,0.00012515644555694618,6
shoes,1,0.00012515644555694618,5
'Guess,1,0.00012515644555694618,6
unique',1,0.00012515644555694618,7
Half,1,0.00012515644555694618,4
thar,1,0.00012515644555694618,4
snow,1,0.00012515644555694618,4
cone.,1,0.00012515644555694618,5
cheap,1,0.00012515644555694618,5
seats,1,0.00012515644555694618,5
dribbling,1,0.00012515644555694618,9
court.',1,0.00012515644555694618,7
Didn't,1,0.00012515644555694618,6
PF's.,1,0.00012515644555694618,5
'Made,1,0.00012515644555694618,5
Wearin',1,0.00012515644555694618,7
lewd,1,0.00012515644555694618,4
shot,1,0.00012515644555694618,4
crude,1,0.00012515644555694618,5
gettin,1,0.00012515644555694618,6
checked,1,0.00012515644555694618,7
appeared,1,0.00012515644555694618,8
traffic.,1,0.00012515644555694618,8
grease,1,0.00012515644555694618,6
rack,1,0.00012515644555694618,4
smile.,1,0.00012515644555694618,6
gettin',1,0.00012515644555694618,7
cold,1,0.00012515644555694618,4
drink.,1,0.00012515644555694618,6
mooned.,1,0.00012515644555694618,7
'Flashed,1,0.00012515644555694618,8
front,1,0.00012515644555694618,5
shock,1,0.00012515644555694618,5
absorbers.',1,0.00012515644555694618,11
hook,1,0.00012515644555694618,4
concessions,1,0.00012515644555694618,11
'And-a,1,0.00012515644555694618,6
'Ethel!',1,0.00012515644555694618,8
'!',1,0.00012515644555694618,3
Pardon,1,0.00012515644555694618,6
sir,1,0.00012515644555694618,3
did,1,0.00012515644555694618,3
happened?,1,0.00012515644555694618,9
did.,1,0.00012515644555694618,4
proud,1,0.00012515644555694618,5
Of,1,0.00012515644555694618,2
anatomy,1,0.00012515644555694618,7
likes,1,0.00012515644555694618,5
physique,1,0.00012515644555694618,8
audience,1,0.00012515644555694618,8
found,1,0.00012515644555694618,5
He'll,1,0.00012515644555694618,5
late.,1,0.00012515644555694618,5
'Ethelllllll!!',1,0.00012515644555694618,15
'hussy!',1,0.00012515644555694618,8
stand.',1,0.00012515644555694618,7
shameless',1,0.00012515644555694618,10
late.',1,0.00012515644555694618,6
shot.,1,0.00012515644555694618,5
peek,1,0.00012515644555694618,4
again.',1,0.00012515644555694618,7
Who's,1,0.00012515644555694618,5
him?,1,0.00012515644555694618,4
'Ethel?',1,0.00012515644555694618,8
'Is,1,0.00012515644555694618,3
Ethel?',1,0.00012515644555694618,7
doin'?,1,0.00012515644555694618,6
git,1,0.00012515644555694618,3
your',1,0.00012515644555694618,5
Where,1,0.00012515644555694618,5
goin'?,1,0.00012515644555694618,6
'Ethel,1,0.00012515644555694618,6
'Nothing,1,0.00012515644555694618,8
clothes,1,0.00012515644555694618,7
rims,1,0.00012515644555694618,4
'Fulfilling,1,0.00012515644555694618,11
temptation,1,0.00012515644555694618,10
hundred,1,0.00012515644555694618,7
having,1,0.00012515644555694618,6
deep,1,0.00012515644555694618,4
sex',1,0.00012515644555694618,4
Ladies,1,0.00012515644555694618,6
moment,1,0.00012515644555694618,6
controllin',1,0.00012515644555694618,11
loving,1,0.00012515644555694618,6
Jodeci,1,0.00012515644555694618,6
bend,1,0.00012515644555694618,4
ass',1,0.00012515644555694618,4
bumping,1,0.00012515644555694618,7
Teddy,1,0.00012515644555694618,5
Pendergrass',1,0.00012515644555694618,12
gents,1,0.00012515644555694618,5
Maze',1,0.00012515644555694618,5
rode,1,0.00012515644555694618,4
daze,1,0.00012515644555694618,4
moving,1,0.00012515644555694618,6
You'll,1,0.00012515644555694618,6
Spinners',1,0.00012515644555694618,9
B,1,0.00012515644555694618,1
'Dipping,1,0.00012515644555694618,8
'Bumping,1,0.00012515644555694618,8
heat,1,0.00012515644555694618,4
23s?',1,0.00012515644555694618,5
'With,1,0.00012515644555694618,5
Earth,1,0.00012515644555694618,5
Wind,1,0.00012515644555694618,4
Fire',1,0.00012515644555694618,5
sheets,1,0.00012515644555694618,6
Keith,1,0.00012515644555694618,5
Sweat',1,0.00012515644555694618,6
melody,1,0.00012515644555694618,6
'a,1,0.00012515644555694618,2
wearin',1,0.00012515644555694618,7
overe,1,0.00012515644555694618,5
running,1,0.00012515644555694618,7
pole,1,0.00012515644555694618,4
fruits,1,0.00012515644555694618,6
vegetables,1,0.00012515644555694618,10
nekkid,1,0.00012515644555694618,6
jay,1,0.00012515644555694618,3
bird.,1,0.00012515644555694618,5
hollered,1,0.00012515644555694618,8
t,1,0.00012515644555694618,1
Don,1,0.00012515644555694618,3
't,1,0.00012515644555694618,2
late,1,0.00012515644555694618,4
she'd,1,0.00012515644555694618,5
incensed.,1,0.00012515644555694618,9
goes,1,0.00012515644555694618,4
tomaters,1,0.00012515644555694618,8
standin',1,0.00012515644555694618,8
finish,1,0.00012515644555694618,6
supermarket.',1,0.00012515644555694618,13
'No,1,0.00012515644555694618,3
matter,1,0.00012515644555694618,6
thug,1,0.00012515644555694618,4
see',1,0.00012515644555694618,4
spit,1,0.00012515644555694618,4
R&B,1,0.00012515644555694618,3
hope,1,0.00012515644555694618,4
feeling,1,0.00012515644555694618,7
hold,1,0.00012515644555694618,4
'Hello,1,0.00012515644555694618,6
everyone,1,0.00012515644555694618,8
reporter,1,0.00012515644555694618,8
across,1,0.00012515644555694618,6
nation,1,0.00012515644555694618,6
scene,1,0.00012515644555694618,5
songs,1,0.00012515644555694618,5
morning',1,0.00012515644555694618,8
92,1,0.00012515644555694618,2
stand-up,1,0.00012515644555694618,8
listen,1,0.00012515644555694618,6
ruin,1,0.00012515644555694618,4
plan,1,0.00012515644555694618,4
wild,1,0.00012515644555694618,4
'Throw,1,0.00012515644555694618,6
their,1,0.00012515644555694618,5
high',1,0.00012515644555694618,5
guy',1,0.00012515644555694618,4
(why?)',1,0.00012515644555694618,7
mean—,1,0.00012515644555694618,5
chance,1,0.00012515644555694618,6
fly',1,0.00012515644555694618,4
Private,1,0.00012515644555694618,7
handle,1,0.00012515644555694618,6
B.I.,1,0.00012515644555694618,4
Candle,1,0.00012515644555694618,6
Hey,1,0.00012515644555694618,3
Japan',1,0.00012515644555694618,6
Peru,1,0.00012515644555694618,4
fan,1,0.00012515644555694618,3
heart',1,0.00012515644555694618,6
T.I.',1,0.00012515644555694618,5
':,1,0.00012515644555694618,2
Alright,1,0.00012515644555694618,7
JT,1,0.00012515644555694618,2
hesitates,1,0.00012515644555694618,9
'Shorty,1,0.00012515644555694618,7
yan,1,0.00012515644555694618,3
fan',1,0.00012515644555694618,4
'On,1,0.00012515644555694618,3
Annabella',1,0.00012515644555694618,10
once,1,0.00012515644555694618,4
again',1,0.00012515644555694618,6
Kana',1,0.00012515644555694618,5
has,1,0.00012515644555694618,3
Guy,1,0.00012515644555694618,3
Simply,1,0.00012515644555694618,6
Rebecca',1,0.00012515644555694618,8
'Til,1,0.00012515644555694618,4
Anguilla,1,0.00012515644555694618,8
anywhere,1,0.00012515644555694618,8
chill',1,0.00012515644555694618,6
any,1,0.00012515644555694618,3
pair,1,0.00012515644555694618,4
'gal,1,0.00012515644555694618,4
fame',1,0.00012515644555694618,5
Thinking,1,0.00012515644555694618,8
am,1,0.00012515644555694618,2
do?,1,0.00012515644555694618,3
you?,1,0.00012515644555694618,4
This,1,0.00012515644555694618,4
corner,1,0.00012515644555694618,6
mira,1,0.00012515644555694618,4
Walking,1,0.00012515644555694618,7
beach,1,0.00012515644555694618,5
Barths,1,0.00012515644555694618,6
'St.,1,0.00012515644555694618,4
space,1,0.00012515644555694618,5
fill,1,0.00012515644555694618,4
fire,1,0.00012515644555694618,4
cancel,1,0.00012515644555694618,6
vacation,1,0.00012515644555694618,8
patient,1,0.00012515644555694618,7
die,1,0.00012515644555694618,3
Hold,1,0.00012515644555694618,4
go?,1,0.00012515644555694618,3
'Why?',1,0.00012515644555694618,6
boyfriend,1,0.00012515644555694618,9
tie,1,0.00012515644555694618,3
high?,1,0.00012515644555694618,5
'Man',1,0.00012515644555694618,5
obvious,1,0.00012515644555694618,7
guy,1,0.00012515644555694618,3
lie,1,0.00012515644555694618,3
'Jodi,1,0.00012515644555694618,5
'This,1,0.00012515644555694618,5
toes,1,0.00012515644555694618,4
pity,1,0.00012515644555694618,4
swinging,1,0.00012515644555694618,8
caw,1,0.00012515644555694618,3
jiggy,1,0.00012515644555694618,5
crunked,1,0.00012515644555694618,7
Percolate,1,0.00012515644555694618,9
Oscillate,1,0.00012515644555694618,9
hip,1,0.00012515644555694618,3
fi,1,0.00012515644555694618,2
nuttin,1,0.00012515644555694618,6
live,1,0.00012515644555694618,4
pon,1,0.00012515644555694618,3
riddim,1,0.00012515644555694618,6
unu,1,0.00012515644555694618,3
lyrics,1,0.00012515644555694618,6
provide,1,0.00012515644555694618,7
electricity,1,0.00012515644555694618,11
dis,1,0.00012515644555694618,3
drops,1,0.00012515644555694618,5
beat,1,0.00012515644555694618,4
When,1,0.00012515644555694618,4
'til,1,0.00012515644555694618,4
Jodi,1,0.00012515644555694618,4
yur,1,0.00012515644555694618,3
di,1,0.00012515644555694618,2
Rebecca,1,0.00012515644555694618,7
Joanna,1,0.00012515644555694618,6
think',1,0.00012515644555694618,6
'Them,1,0.00012515644555694618,5
hand',1,0.00012515644555694618,5
'Wave,1,0.00012515644555694618,5
us',1,0.00012515644555694618,3
gal',1,0.00012515644555694618,4
number,1,0.00012515644555694618,6
wont,1,0.00012515644555694618,4
flame',1,0.00012515644555694618,6
Gal,1,0.00012515644555694618,3
Can,1,0.00012515644555694618,3
sure,1,0.00012515644555694618,4
'Would,1,0.00012515644555694618,6
were,1,0.00012515644555694618,4
beautiful',1,0.00012515644555694618,10
must,1,0.00012515644555694618,4
rotate',1,0.00012515644555694618,7
note',1,0.00012515644555694618,5
gwaan,1,0.00012515644555694618,5
do?',1,0.00012515644555694618,4
agitate,1,0.00012515644555694618,7
done,1,0.00012515644555694618,4
scene',1,0.00012515644555694618,6
'Tell,1,0.00012515644555694618,5
you?',1,0.00012515644555694618,5
what's,1,0.00012515644555694618,6
point,1,0.00012515644555694618,5
anymore?,1,0.00012515644555694618,8
'Woman,1,0.00012515644555694618,6
symphony,1,0.00012515644555694618,8
mentuin',1,0.00012515644555694618,8
my-,1,0.00012515644555694618,3
'Dont,1,0.00012515644555694618,5
destiny,1,0.00012515644555694618,7
From,1,0.00012515644555694618,4
flame,1,0.00012515644555694618,5
gal,1,0.00012515644555694618,3
fame,1,0.00012515644555694618,4
Til,1,0.00012515644555694618,3
morn,1,0.00012515644555694618,4
'Gal,1,0.00012515644555694618,4
pet,1,0.00012515644555694618,3
wan,1,0.00012515644555694618,3
gals,1,0.00012515644555694618,4
program,1,0.00012515644555694618,7
run,1,0.00012515644555694618,3
tension,1,0.00012515644555694618,7
ease,1,0.00012515644555694618,4
Se,1,0.00012515644555694618,2
sand,1,0.00012515644555694618,4
danced,1,0.00012515644555694618,6
(West,1,0.00012515644555694618,5
wonderful,1,0.00012515644555694618,9
Bennie.,1,0.00012515644555694618,7
keen,1,0.00012515644555694618,4
read,1,0.00012515644555694618,4
magazine,1,0.00012515644555694618,8
sounds,1,0.00012515644555694618,6
late',1,0.00012515644555694618,5
many,1,0.00012515644555694618,4
own),1,0.00012515644555694618,4
dates',1,0.00012515644555694618,6
(East,1,0.00012515644555694618,5
beat',1,0.00012515644555694618,5
lightning,1,0.00012515644555694618,9
feet,1,0.00012515644555694618,4
dancing,1,0.00012515644555694618,7
own,1,0.00012515644555694618,3
weird,1,0.00012515644555694618,5
yet?,1,0.00012515644555694618,4
Have,1,0.00012515644555694618,4
la,1,0.00012515644555694618,2
Maybe,1,0.00012515644555694618,5
blinded,1,0.00012515644555694618,7
ageless',1,0.00012515644555694618,8
shall,1,0.00012515644555694618,5
survive,1,0.00012515644555694618,7
ourselves,1,0.00012515644555694618,9
along',1,0.00012515644555694618,6
'Where,1,0.00012515644555694618,6
fight,1,0.00012515644555694618,5
parents,1,0.00012515644555694618,7
hotter',1,0.00012515644555694618,7
streets,1,0.00012515644555694618,7
colores',1,0.00012515644555694618,8
los,1,0.00012515644555694618,3
favella,1,0.00012515644555694618,7
(dancing,1,0.00012515644555694618,8
moves,1,0.00012515644555694618,5
into,1,0.00012515644555694618,4
judge,1,0.00012515644555694618,5
shake',1,0.00012515644555694618,6
'girl,1,0.00012515644555694618,5
hate',1,0.00012515644555694618,5
cruising,1,0.00012515644555694618,8
Saying,1,0.00012515644555694618,6
alright.,1,0.00012515644555694618,8
later.,1,0.00012515644555694618,6
'Signed,1,0.00012515644555694618,7
(moves,1,0.00012515644555694618,6
Foxx,1,0.00012515644555694618,4
sayin',1,0.00012515644555694618,6
emphasis,1,0.00012515644555694618,8
sometime,1,0.00012515644555694618,8
letter,1,0.00012515644555694618,6
drink,1,0.00012515644555694618,5
thirsty,1,0.00012515644555694618,7
baby?,1,0.00012515644555694618,5
Won't,1,0.00012515644555694618,5
hair',1,0.00012515644555694618,5
hella,1,0.00012515644555694618,5
go)',1,0.00012515644555694618,4
cruising',1,0.00012515644555694618,9
hey',1,0.00012515644555694618,4
while,1,0.00012515644555694618,5
liars,1,0.00012515644555694618,5
cheats,1,0.00012515644555694618,6
could've,1,0.00012515644555694618,8
sick,1,0.00012515644555694618,4
beat.,1,0.00012515644555694618,5
ex-man,1,0.00012515644555694618,6
brought,1,0.00012515644555694618,7
girlfriend',1,0.00012515644555694618,11
God!,1,0.00012515644555694618,4
shake.,1,0.00012515644555694618,6
fella,1,0.00012515644555694618,5
faithless',1,0.00012515644555694618,10
plug,1,0.00012515644555694618,4
countryside,1,0.00012515644555694618,11
I'ma,1,0.00012515644555694618,4
'Carlos,1,0.00012515644555694618,7
'Doing,1,0.00012515644555694618,6
like',1,0.00012515644555694618,5
Put,1,0.00012515644555694618,3
(yeah),1,0.00012515644555694618,6
beg,1,0.00012515644555694618,3
Then,1,0.00012515644555694618,4
swallow,1,0.00012515644555694618,7
thief,1,0.00012515644555694618,5
pride,1,0.00012515644555694618,5
uh),1,0.00012515644555694618,3
feels,1,0.00012515644555694618,5
Still,1,0.00012515644555694618,5
apart,1,0.00012515644555694618,5
weather',1,0.00012515644555694618,8
blows',1,0.00012515644555694618,6
thinking,1,0.00012515644555694618,8
camp',1,0.00012515644555694618,5
yeah),1,0.00012515644555694618,5
hot,1,0.00012515644555694618,3
Sitting,1,0.00012515644555694618,7
grass,1,0.00012515644555694618,5
cry,1,0.00012515644555694618,3
making,1,0.00012515644555694618,6
lady,1,0.00012515644555694618,4
amaze,1,0.00012515644555694618,5
crazy,1,0.00012515644555694618,5
G&B',1,0.00012515644555694618,4
Mr.,1,0.00012515644555694618,3
Wonda,1,0.00012515644555694618,5
'La-la-la-la,1,0.00012515644555694618,12
Jerry,1,0.00012515644555694618,5
yeah)',1,0.00012515644555694618,6
'La-la-la-la',1,0.00012515644555694618,13
'Wyclef,1,0.00012515644555694618,7
'Want,1,0.00012515644555694618,5
wind,1,0.00012515644555694618,4
fire',1,0.00012515644555694618,5
stick,1,0.00012515644555694618,5
spotlight's,1,0.00012515644555694618,11
hitting,1,0.00012515644555694618,7
known,1,0.00012515644555694618,5
weather,1,0.00012515644555694618,7
kill,1,0.00012515644555694618,4
fatted,1,0.00012515644555694618,6
calf,1,0.00012515644555694618,4
around',1,0.00012515644555694618,7
'Hold,1,0.00012515644555694618,5
hear,1,0.00012515644555694618,4
days,1,0.00012515644555694618,4
'Hoping,1,0.00012515644555694618,7
'Solid,1,0.00012515644555694618,6
walls,1,0.00012515644555694618,5
sound',1,0.00012515644555694618,6
sky',1,0.00012515644555694618,4
together',1,0.00012515644555694618,9
paradise',1,0.00012515644555694618,9
(North,1,0.00012515644555694618,6
meanâ€”,1,0.00012515644555694618,7
pillow,1,0.00012515644555694618,6
secrets,1,0.00012515644555694618,7
keeping,1,0.00012515644555694618,7
inside,1,0.00012515644555694618,6
(yeah)',1,0.00012515644555694618,7
enter,1,0.00012515644555694618,5
leaving,1,0.00012515644555694618,7
prisoner,1,0.00012515644555694618,8
oh',1,0.00012515644555694618,3
lover,1,0.00012515644555694618,5
eyes)',1,0.00012515644555694618,6
man',1,0.00012515644555694618,4
(open,1,0.00012515644555694618,5
(world-wide)',1,0.00012515644555694618,13
(South,1,0.00012515644555694618,6
loose,1,0.00012515644555694618,5
